name,organization,city,country,type,start_date,end_date,link
Badminton Asia West Asia Regional Junior Championships 2022 (Individual),BWF - Badminton Asia Confederation,Jaber Al-Ahmad City,Kuwait,,11/5/2022,11/7/2022,/sport/tournament?id=C1215BDB-83B1-4931-9BF3-0ED6756AA550
Badminton Asia West Asia Regional Junior Championships 2022 (Team) -Cancelled,Badminton Asia Confederation,TBC,Kuwait,Grade 1 – Junior Team Tournaments,11/8/2022,11/10/2022,/sport/tournament?id=75E6B18B-4108-4FED-88AE-8743ACB345FC
YONEX-SUNRISE Hong Kong Open 2022 (Cancelled),Badminton World Federation,Kowloon,Hong Kong China,HSBC BWF World Tour Super 500,11/8/2022,11/13/2022,/sport/tournament?id=3070A32C-117F-407C-90F1-F71EC3A7514D
III Guatemala Future Series 2022,BWF - Federacion Nacional de Badminton de Guatemal,Guatemala,Guatemala,Future Series,11/8/2022,11/13/2022,/sport/tournament?id=9BCD5E7D-D5A9-4FC2-9EBF-CCD119B6E00D
PETRONAS Malaysia International Series 2022 (New Dates),BWF - Badminton Association of Malaysia,Ipoh,Malaysia,International Series,11/8/2022,11/13/2022,/sport/tournament?id=B1B0DCD4-9D69-4AA2-B3BB-6AFE5FEC6434
Singapore Junior International Series 2022 (Cancelled),BWF - Badminton Asia Confederation,Singapore,Singapore,Junior International Series,11/8/2022,11/13/2022,/sport/tournament?id=93DE3750-7CA7-4528-8423-6F907747268C
VICTOR EXIST Junior International Series 2022 (Cancelled),BWF - Badminton Asia Confederation,Jakarta,Indonesia,Junior International Series,11/8/2022,11/13/2022,/sport/tournament?id=F586832E-1B43-4310-93A7-BBA46D9EB02E
Turkey U17 Open 2022 (Cancelled),Badminton Europe,Kecioren,Turkiye,,11/10/2022,11/13/2022,/sport/tournament?id=D0662545-19F7-454C-B9F1-55C43CB06B67
FZ FORZA Norwegian International 2022,Badminton Europe,Sandefjord,Norway,International Series,11/10/2022,11/13/2022,/sport/tournament?id=FC24903E-7B56-432B-BA88-74DF508B9E56
YONEX Latvia Junior 2022,Badminton Europe,Sigulda,Latvia,Junior International Series,11/11/2022,11/13/2022,/sport/tournament?id=FD0902D0-6121-47E5-AEF6-70C37EA7A087
BAT - YONEX - C&L Pathumthani Junior International Series 2022,Badminton World Federation,Pathumthani,Thailand,Junior International Series,12/6/2022,12/11/2022,/sport/tournament?id=A78FB33B-A8DD-4862-A2CB-8F81A5404442
Fuzhou China Open 2022 (Cancelled),Badminton World Federation,Fuzhou,China,HSBC BWF World Tour Super 750,12/6/2022,12/11/2022,/sport/tournament?id=481CD9C1-25BB-4765-9DEE-4C440E1668AE
YONEX Canadian International Challenge 2022 (New dates),Badminton World Federation,Toronto,Canada,International Challenge,12/6/2022,12/11/2022,/sport/tournament?id=58D2B9FE-28E0-4365-9449-3E802E31E13A
HSBC BWF World Tour Finals 2022,Badminton World Federation,Bangkok,Thailand,HSBC BWF World Tour Finals,12/7/2022,12/11/2022,/sport/tournament?id=C99D04D4-0B11-416E-9F7B-3C1617AB775F
YONEX-SUNRISE BFEBRUARY WEEK	COUNTRY / TERRITORY	DATES	 TOURNAMENT UPDATED AT	 CATEGORY CITY 08	 ESP,Badminton World Federation,Dhaka,Bangladesh,International Challenge,12/7/2022,12/11/2022,/sport/tournament?id=A40287E3-2F32-4DC6-A9F0-DB112775429A
Malta International 2022 presented by VICTOR,Badminton World Federation,Cospicua,Malta,Future Series,12/8/2022,12/11/2022,/sport/tournament?id=77EF4549-991A-4F67-80F4-13B47217C3B6
YONEX Estonian Junior 2022,Badminton World Federation,Tartu,Estonia,Junior International Series,12/9/2022,12/11/2022,/sport/tournament?id=0E511694-CD81-4EFC-AE59-0BD0054915B0
YONEX Estonian U17 International 2022,Badminton Europe,Tartu,Estonia,,12/9/2022,12/11/2022,/sport/tournament?id=6059B732-1580-42E9-9EA6-2BE7A9E90BE2
All Africa Junior Team Championships 2022,Badminton Confederation of Africa,Rose Hill,Mauritius,Continental Junior Team Championships,12/12/2022,12/14/2022,/sport/tournament?id=6C8A3D3D-F4C6-4A82-88DC-4B931B73814A
YONEX-SUNRISE Bangladesh Junior International Series 2022,BWF - Bangladesh Badminton Federation,Dhaka,Bangladesh,Junior International Series,12/12/2022,12/15/2022,/sport/tournament?id=661045CC-7BAE-4CE4-8D5B-9907A21444FD
PETRONAS Malaysia International Challenge 2022 (New Dates),BWF - Badminton Association of Malaysia,Ipoh,Malaysia,International Challenge,12/13/2022,12/18/2022,/sport/tournament?id=42F97629-F791-439E-87C4-B2B70690CB22
2023 European Mixed Team Championships - Qualification Group 2,Badminton Europe,Haarlem,Netherlands,Continental Team Championships,12/15/2022,12/17/2022,/sport/tournament?id=3204F239-2878-4430-A289-273B2BB68D20
All Africa Junior Individual Championships 2022,Badminton Confederation of Africa,Rose Hill,Mauritius,Continental Junior Individual Championships,12/15/2022,12/17/2022,/sport/tournament?id=9B6F936D-47BA-4EA0-A92D-B0FCF264006D
Polish U19 International 2022 (Cancelled),Badminton Europe,tbc,Poland,Junior International Series,12/15/2022,12/18/2022,/sport/tournament?id=DC0B564D-966E-41D7-B2EF-CD6DFECCEF9E
2023 European Mixed Team Championships - Qualification Group 3,Badminton Europe,Oberkirch,Switzerland,Continental Team Championships,12/15/2022,12/18/2022,/sport/tournament?id=979F8226-44EE-4B17-B7E2-12A8BEA16B71
2023 European Mixed Team Championships - Qualification Group 4,Badminton Europe,Glasgow,Scotland,Continental Team Championships,12/15/2022,12/18/2022,/sport/tournament?id=FF18B111-F177-4493-92ED-D4586E424533
2023 European Mixed Team Championships - Qualification Group 5,Badminton Europe,Sofia,Bulgaria,Continental Team Championships,12/15/2022,12/18/2022,/sport/tournament?id=16698638-22C9-4405-A3C2-A7C255E64096
Indonesia International Challenge 2022 (Cancelled),BWF - Badminton Asia Confederation,Jakarta,Indonesia,International Challenge,11/15/2022,11/20/2022,/sport/tournament?id=14D59ECD-90A8-4BB0-8273-2EE9B12D9D9C
SATHIO GROUP Australian Open 2022,Badminton World Federation,Sydney,Australia,HSBC BWF World Tour Super 300,11/15/2022,11/20/2022,/sport/tournament?id=E3C95F53-B593-416B-9E81-E54C21E16B18
AIG FZ FORZA Irish Open 2022,Badminton Union of Ireland,Dublin,Ireland,International Challenge,11/16/2022,11/19/2022,/sport/tournament?id=7FF9D3D9-EFE5-48A2-A317-9298B948AE62
Peru Challenge 2022,BWF - Federacion Peruana de Badminton,Lima,Peru,International Challenge,11/16/2022,11/20/2022,/sport/tournament?id=953DAD32-E4BD-412C-8E83-A27804C1772B
Zambia International 2022,BWF - Botswana Badminton Association,Lusaka,Zambia,Future Series,11/17/2022,11/20/2022,/sport/tournament?id=97AE8474-FCFC-47CA-A91B-C06E438C6419
Czech Junior 2022,BWF - Czech Badminton Federation,Orlova,Czech Republic,Junior International Series,11/18/2022,11/20/2022,/sport/tournament?id=4A1C0D5A-BAE1-4546-9289-093417A7CE87
Swedish Youth Games (U17) 2022,BWF - Swedish Badminton Association,Malmö,Sweden,,11/18/2022,11/20/2022,/sport/tournament?id=2CF79894-967F-4695-829C-16C929133CF6
WONCHEON YONEX Korea Junior International Series 2022,BWF - Badminton Korea Association,Miryang,Korea,Junior International Series,11/21/2022,11/27/2022,/sport/tournament?id=E2D503F8-BA2E-42DD-9386-221787F1FA46
Bahrain International Series 2022,BWF - Bahrain Badminton Federation,Manama,Bahrain,International Series,11/22/2022,11/27/2022,/sport/tournament?id=B689C32D-6CD8-4AB6-A8BC-166D0C81BD7C
BARFOOT & THOMPSON New Zealand Open 2022 (Cancelled),Badminton World Federation,Auckland,New Zealand,HSBC BWF World Tour Super 300,11/22/2022,11/27/2022,/sport/tournament?id=E76B4A9E-C228-4709-B3A4-133A28746A8A
XIII Mexican International 2022,BWF - Federacion Mexicana de Badminton,Guadalajara,Mexico,International Series,11/22/2022,11/27/2022,/sport/tournament?id=607D4D2E-FEED-47A2-9D75-CEECD680CA40
Botswana International 2022,BWF - Botswana Badminton Association,Lobatse,Botswana,Future Series,11/24/2022,11/27/2022,/sport/tournament?id=57FBFC71-02ED-4B6F-A966-6CB227C3528C
YONEX Slovenia Future Series 2022,BWF - Slovenia Badminton Federation,Maribor,Slovenia,Future Series,11/24/2022,11/27/2022,/sport/tournament?id=5CE7508F-B2AC-4C4E-90C1-D890BA4D7BDF
II U17 Portugal Open 2022,BWF - Portugal Badminton Federation,Caldas da Rainha,Portugal,,11/25/2022,11/27/2022,/sport/tournament?id=D8F749CA-31BD-41A1-9FD7-CEF7F43D6741
Slovak Junior 2022,BWF - Slovak Badminton Federation,Trencin,Slovakia,Junior International Series,11/25/2022,11/27/2022,/sport/tournament?id=305AF1AB-15AB-4054-BD6D-1E62405C19D5
I Campeonato Iberoamericano de Badminton 2022,Badminton Pan Am,Guadalajara,Mexico,,11/25/2022,11/28/2022,/sport/tournament?id=2C19C139-95DD-452C-B368-D3301300DA58
2023 European Mixed Team Championships - Qualification Group 1,Badminton Europe,Milton Keynes,England,Continental Team Championships,12/16/2022,12/18/2022,/sport/tournament?id=443E71E9-3FE6-4C24-9CE7-9ECA2A62CE44
Cyprus U17 International 2022,BWF - Cyprus Badminton Federation,Engomi,Cyprus,,12/16/2022,12/18/2022,/sport/tournament?id=72C2E87E-5E23-4F1F-853C-DA4A0527ED3B
Turkey Open 2022 (Cancelled),Badminton Europe,Ankara,Turkiye,International Series,12/19/2022,12/22/2022,/sport/tournament?id=1DC35EB2-FB03-49A6-AE81-B47D1697E312
Test Tournament 2022 BWF,Badminton World Federation,Kuala Lumpur,Malaysia,Other,1/4/2022,12/31/2022,/sport/tournament?id=A0229882-71E5-4329-863F-EDB209A60D1C
CARLTON International Youth Tournament (U17) 2022,BWF - Badminton Nederland,Hoensbroek,Netherlands,,12/28/2022,12/29/2022,/sport/tournament?id=8F20CF38-2085-4E93-AC77-69B0A3BCEC14
PETRONAS Malaysia Open 2023,Badminton World Federation,Kuala Lumpur,Malaysia,HSBC BWF World Tour Super 1000,1/10/2023,1/15/2023,/sport/tournament?id=4310C928-4346-43FA-A82B-63F58544A4EA
YONEX Estonian International 2023,BWF - Badminton Estonia,Tallinn,Estonia,International Series,1/12/2023,1/15/2023,/sport/tournament?id=79F99039-2C3B-4788-8647-A00DFECD0D61
YONEX SUNRISE India Open 2023,Badminton World Federation,New Delhi,India,HSBC BWF World Tour Super 750,1/17/2023,1/22/2023,/sport/tournament?id=9C81DC2E-84E0-4A1A-8C20-EFB1B8CB03F2
DAIHATSU Indonesia Masters 2023,Badminton World Federation,Jakarta,Indonesia,HSBC BWF World Tour Super 500,1/24/2023,1/29/2023,/sport/tournament?id=4B835D01-8FB0-41D6-B78E-53ED68D9E9A9
RSL Iceland International 2023,BWF - Badminton Association of Iceland,Reykjavik,Iceland,Future Series,1/26/2023,1/29/2023,/sport/tournament?id=8E707E95-B6D3-4EB5-8921-696288553EA3
Swedish International U17 2023,BWF - Swedish Badminton Association,Uppsala,Sweden,,1/27/2023,1/29/2023,/sport/tournament?id=4F895903-CF1F-4FA3-BAAB-B6616B7D7CB5
Swedish Junior 2023,BWF - Swedish Badminton Association,Uppsala,Sweden,Junior International Series,1/27/2023,1/29/2023,/sport/tournament?id=7DC216B6-4EFA-4D9C-BEDB-71C950BAD0B6
31st Iran Fajr International Challenge 2023,BWF - Badminton Federation of the I R of Iran,Tehran,Iran,International Challenge,1/31/2023,2/5/2023,/sport/tournament?id=C1758C8C-44A8-4A47-B22A-A89A00AE98E7
PRINCESS SIRIVANNAVARI Thailand Masters 2023,Badminton World Federation,Bangkok,Thailand,HSBC BWF World Tour Super 300,1/31/2023,2/5/2023,/sport/tournament?id=DB34957F-2E70-43B3-A935-8E98EE0EA6BF
Spanish U17 Open 2023,BWF - Federación Española de Bádminton,Benalmádena,Spain,,2/3/2023,2/5/2023,/sport/tournament?id=CD50A19F-202F-4A8D-A3DF-295974B9A90D
13th MULTI ALARM Hungarian Junior International Championships 2023 presented by VICTOR,BWF - Hungarian Badminton Association,Pécs,Hungary,Junior International Series,2/9/2023,2/12/2023,/sport/tournament?id=357BAD28-49A6-4718-B977-AE1F2F15522B
Pacific U15 Invitation Team Challenge 2023,Badminton Oceania,Auckland,New Zealand,,2/10/2023,2/12/2023,/sport/tournament?id=C56D2CB9-D849-4EDF-8AC9-889ECF41CD20
VICTOR Oceania Junior Mixed Team Championships 2023,Badminton Oceania,Auckland,New Zealand,Continental Junior Team Championships,2/10/2023,2/12/2023,/sport/tournament?id=C6F94211-0234-4C35-9889-D322308B4A0C
All Africa Mixed Team Championships 2023,Badminton Confederation of Africa,Johannesburg,South Africa,Continental Team Championships,2/13/2023,2/16/2023,/sport/tournament?id=A604EBF1-8349-4D2A-AC49-F1F8866C1AF0
VICTOR Oceania Championships 2023,Badminton Oceania,Auckland,New Zealand,Continental Individual Championships,2/13/2023,2/16/2023,/sport/tournament?id=943972A8-D684-4613-8194-AFD0FD56ACB0
VICTOR Oceania Junior Championships 2023,Badminton Oceania,Auckland,New Zealand,Continental Junior Individual Championships,2/13/2023,2/16/2023,/sport/tournament?id=10FA45E0-4CCE-4837-9404-79C656E5B33B
2023 European Mixed Team Championships,Badminton Europe,Aire-sur-la-Lys,France,Continental Team Championships,2/14/2023,2/18/2023,/sport/tournament?id=61911714-218F-4990-A2F4-8E66C5A3F8A7
Badminton Asia Mixed Team Championship 2023,Badminton Asia Confederation,Dubai,United Arab Emirates,Continental Team Championships,2/14/2023,2/19/2023,/sport/tournament?id=22E15215-D1C3-461E-AC09-BE56251CC792
Pan American Cup 2023,Pan American Badminton Confederation,Guadalajara,Mexico,Continental Team Championships,2/16/2023,2/19/2023,/sport/tournament?id=FBB62F22-DB00-445C-8ECB-25A6973F9F88
All Africa Individual Championships 2023,Badminton Confederation of Africa,Johannesburg,South Africa,Continental Individual Championships,2/17/2023,2/19/2023,/sport/tournament?id=6C33BA5F-A839-4B15-A327-8E73544F1666
VICTOR Oceania Mixed Team Championships 2023,Badminton Oceania,Auckland,New Zealand,Continental Team Championships,2/17/2023,2/19/2023,/sport/tournament?id=081B7F90-BD20-45B6-A6FD-0B627E4E8208
Uganda International Challenge 2023,BWF - Uganda Badminton Association,Kampala,Uganda,International Challenge,2/22/2023,2/26/2023,/sport/tournament?id=A03470E8-95D7-4E90-8158-1F17C48E3CC6
Italian Junior 2023,BWF - Federazione Italiana Badminton,Milano,Italy,Junior International Challenge,2/24/2023,2/26/2023,/sport/tournament?id=12FFB526-EA1B-4ECB-831F-DFAFE9C2EE76
Uganda Junior International 2023,BWF - Uganda Badminton Association,Kampala,Uganda,Junior Future Series,2/27/2023,3/1/2023,/sport/tournament?id=87BF1EE4-FE56-436D-B550-D08A3118AD58
YONEX Dutch Junior International 2023,BWF - Badminton Nederland,Haarlem,Netherlands,Junior International Grand Prix,3/1/2023,3/5/2023,/sport/tournament?id=9E09D32E-36A4-425D-938F-87F75EA769C1
TOYOTA Gazoo Racing Thailand International Challenge 2023,BWF - Badminton Association of Thailand,Nakhon Ratchasima,Thailand,International Challenge,3/7/2023,3/12/2023,/sport/tournament?id=DA37AC8C-AC5B-4BF6-82C3-65473F69B4AC
YONEX German Open 2023,Badminton World Federation,Mulheim,Germany,HSBC BWF World Tour Super 300,3/7/2023,3/12/2023,/sport/tournament?id=24639F0A-A1CA-4711-A78B-DFC8AB19FD1A
58 Portugal International Championships 2023,BWF - Portugal Badminton Federation,Caldas da Rainha,Portugal,International Series,3/8/2023,3/12/2023,/sport/tournament?id=42B3A2E8-D0B1-4CB6-B85E-AE01AF20B676
YONEX German Junior 2023,BWF - German Badminton Association,Berlin,Germany,Junior International Grand Prix,3/8/2023,3/12/2023,/sport/tournament?id=4E87CABC-56B7-4ABD-8ADF-4D3202FA280B
CIPUTRA HANOI - YONEX SUNRISE Vietnam International Challenge 2023,Badminton World Federation,Ha Noi,Vietnam,International Challenge,3/21/2023,3/26/2023,/sport/tournament?id=DC011AC7-1385-4184-8B84-A0981A2A0FA9
YONEX Swiss Open 2023,Badminton World Federation,Basel,Switzerland,HSBC BWF World Tour Super 300,3/21/2023,3/26/2023,/sport/tournament?id=FA9435EC-E58A-40EC-8BE1-1C92C487B6B3
ORLEN Polish Open 2023,BWF - Polish Badminton Association,Tarnów,Poland,International Challenge,3/22/2023,3/26/2023,/sport/tournament?id=E9447FD3-E0D3-43F6-BFD0-F439BCD03B71
Madrid Spain Masters 2023,Badminton World Federation,Madrid,Spain,HSBC BWF World Tour Super 300,3/28/2023,4/2/2023,/sport/tournament?id=66AD080B-83CD-461D-809B-F47F47D66EA3
Osaka International Challenge 2023,BWF - Nippon Badminton Association,Osaka,Japan,International Challenge,3/29/2023,4/2/2023,/sport/tournament?id=D1E66FE0-9A5C-4EC0-A425-0367B1C2A2FF
OLIVER Czech U17 International 2023,BWF - Czech Badminton Federation,Český Krumlov,Czech Republic,,3/30/2023,4/1/2023,/sport/tournament?id=3F9D0838-2ABF-4F29-B152-59C490A3FF9C
PACK LINE Israel Junior 2023,BWF - Israel Badminton Association,Rishon Le Zion,Israel,Junior International Series,3/30/2023,4/1/2023,/sport/tournament?id=89105587-8BAF-4038-AA72-E30E97C5F4BA
Orléans Masters Badminton 2023 presented by VICTOR,Badminton World Federation,Orleans,France,HSBC BWF World Tour Super 300,4/4/2023,4/9/2023,/sport/tournament?id=9ABED7DB-59A0-4278-8C49-CAE28C17DF18
FZ FORZA Alpes International U19 2023,BWF - Federation Francaise de Badminton,Voiron,France,Junior International Series,4/6/2023,4/9/2023,/sport/tournament?id=D60C4DF5-4371-439E-B1A8-62B745267A58
VICTOR JOT Tournament (U17) 2023,BWF - Belgian Badminton Federation,Edegem,Belgium,,4/7/2023,4/9/2023,/sport/tournament?id=936EF66D-9AFE-4B76-ACEF-4528EBD665AC
FZ FORZA Dutch International 2023,BWF - Badminton Nederland,Wateringen,Netherlands,International Series,4/13/2023,4/16/2023,/sport/tournament?id=D4DC21A8-AE79-455D-B98C-B5D09278B5B1
VICTOR Latvia U17 International 2023,BWF - Latvian Badminton Federation,Liepāja,Latvia,,4/14/2023,4/16/2023,/sport/tournament?id=6C999A8B-3BEA-4CBA-9AE3-C063CAD69BF5
BWF Team Test Tournament,Badminton World Federation,Kuala Lumpur,Malaysia,Grade 1 – Team Tournaments,4/19/2023,12/30/2023,/sport/tournament?id=EE14A29D-FCE2-4E63-B902-BC10306296C6
BWF Test Tournament,Badminton World Federation,Kuala Lumpur,Malaysia,Other,4/19/2023,12/30/2023,/sport/tournament?id=2E385DF0-55C9-4059-BD3F-EA0D6D29FC02
YONEX France U17 Open 2023,BWF - Federation Francaise de Badminton,Aire sur la Lys,France,,4/20/2023,4/22/2023,/sport/tournament?id=475BB99C-F79B-4176-8C1C-8300894146F8
Cyprus Junior 2023,BWF - Cyprus Badminton Federation,Nicosia,Cyprus,Junior International Series,4/21/2023,4/23/2023,/sport/tournament?id=7AB7227D-EB14-4D92-B82D-874B750BF1B3
BWF Team Test Tournament,Badminton World Federation,Kuala Lumpur,Malaysia,Other,4/19/2023,12/30/2023,/sport/tournament?id=EE14A29D-FCE2-4E63-B902-BC10306296C6
KHILADIX.COM Dubai Badminton Asia Championships 2023 powered by FLOKI,BWF - Badminton Asia Confederation,Dubai,United Arab Emirates,Continental Individual Championships,4/25/2023,4/30/2023,/sport/tournament?id=EF5DE126-C8E6-4B61-B575-9A3E41B50F83
XXVI YONEX Pan Am Individual Championships 2023,Badminton Pan Am,Kingston,Jamaica,Continental Individual Championships,4/26/2023,4/29/2023,/sport/tournament?id=9A87EA3A-AF43-47C7-85B7-269975BC0583
YONEX Bozner Cup U17 International 2023,BWF - Federazione Italiana Badminton,Bolzano,Italy,,4/28/2023,4/30/2023,/sport/tournament?id=F1E5738B-C225-43CA-8025-57F1AA55473D
ANOC WBG Pan Am Qualification 2023,Pan American Badminton Confederation,Spanish Town ,Jamaica,,4/29/2023,4/30/2023,/sport/tournament?id=EC8A3E81-0186-4CCC-A168-4FA9839592FF
III Mexican International Challenge 2023,BWF - Federacion Mexicana de Badminton,Guadalajara,Mexico,International Challenge,5/2/2023,5/7/2023,/sport/tournament?id=B29F4333-B0CE-49BD-85C6-B4318021D214
YONEX Luxembourg Open 2023,BWF -Federation Luxembourgise de Badminton - Luxembourg,Luxembourg,Luxembourg,International Series,5/4/2023,5/7/2023,/sport/tournament?id=8B77A2D1-5346-439E-8422-9FB77295C0EC
Stockholm Junior 2023 (Cancelled),Badminton Europe,Täby,Sweden,Junior International Series,5/5/2023,5/7/2023,/sport/tournament?id=6082000F-CCF8-4D9D-943D-B93BC99DD525
Austrian U17 Open 2023,BWF - Österreichischer Badminton Verband,Dornbirn,Austria,,5/5/2023,5/7/2023,/sport/tournament?id=3CE1F47C-742B-49B4-B177-4A8BFE455D65
SEA Games 2023 ( Team Event),Badminton Asia Confederation,Phnom Penh,Cambodia,Continental Team Games,5/8/2023,5/11/2023,/sport/tournament?id=EBB833A7-CA28-4647-8C8E-DC2F5836E15D
VICTOR Swedish Open 2023,BWF - Swedish Badminton Association,Uppsala,Sweden,International Series,5/11/2023,5/14/2023,/sport/tournament?id=95DD3E05-F9FA-468F-A741-19DCA582A6A9
YONEX 3 Borders U19 2023,BWF - Federation Francaise de Badminton,Saint Louis,France,Junior International Series,5/12/2023,5/14/2023,/sport/tournament?id=19E59720-AC1F-4A64-BEE2-415E7E935990
SEA Games 2023 ( Individual Events),BWF - Badminton Asia Confederation,Phnom Penh,Cambodia,,5/12/2023,5/16/2023,/sport/tournament?id=FD253B80-4B66-47F9-BDE2-88FD8AF2A962
TotalEnergies BWF Sudirman Cup Finals 2023,Badminton World Federation,Suzhou,China,Grade 1 – Team Tournaments,5/14/2023,5/21/2023,/sport/tournament?id=A8920452-3D1B-4964-ABD7-6AC0E6AC3CCC
I FEEL SLOVENIA YONEX Open 2023,BWF - Slovenia Badminton Federation,Maribor,Slovenia,International Challenge,5/17/2023,5/21/2023,/sport/tournament?id=6C0EEEC5-726B-4A72-A9DA-AADBB3F23303
PERODUA Malaysia Masters 2023 presented by DAIHATSU,Badminton World Federation,Kuala Lumpur,Malaysia,HSBC BWF World Tour Super 500,5/23/2023,5/28/2023,/sport/tournament?id=348FA0E2-708B-457A-A231-FC7B8062D198
YONEX Polish U17 Open 2023,Badminton Europe,Białystok,Poland,,5/25/2023,5/27/2023,/sport/tournament?id=2AE9DEA1-909C-491F-AB5C-87035161E48F
Austrian Open 2023,Badminton World Federation,Graz,Austria,International Series,5/25/2023,5/28/2023,/sport/tournament?id=DD56F461-B652-40CF-B14E-7CA7C8240302
TOYOTA GAZOO RACING Thailand Open 2023,Badminton World Federation,Bangkok,Thailand,HSBC BWF World Tour Super 500,5/30/2023,6/4/2023,/sport/tournament?id=C7843321-98C9-4E4B-B8E0-52383E49F256
APACS Kazakhstan Future Series 2023,BWF - Republic of Kazahkstan,Shymkent,Kazakhstan,Future Series,5/31/2023,6/3/2023,/sport/tournament?id=AFCE60FC-3004-4419-83AD-200FF1625EBD
YONEX Bonn International 2023,BWF - German Badminton Association,Bonn,Germany,Future Series,5/31/2023,6/3/2023,/sport/tournament?id=BBDBB337-01F9-4DD9-9D21-93186C21393D
Chile International 2023,Badminton Pan Am,Santiago,Chile,Future Series,5/31/2023,6/4/2023,/sport/tournament?id=DC0D9960-E9BE-4786-9333-17C0A4CC8068
Italian International 2023 (Cancelled),Badminton Europe,Milan,Italy,International Challenge,6/1/2023,6/4/2023,/sport/tournament?id=E5D2FF42-1124-4A0E-B6FD-C9989CC366D4
LI-NING Maldives International Challenge 2023,BWF - Badminton Association of Maldives,Male,Maldives,International Challenge,6/5/2023,6/10/2023,/sport/tournament?id=1ACA91A3-ACA6-49B1-97D2-CA05C7EB7BE6
LI-NING Maldives International Challenge 2023,Badminton World Federation,Male,Maldives,International Challenge,6/5/2023,6/10/2023,/sport/tournament?id=1ACA91A3-ACA6-49B1-97D2-CA05C7EB7BE6
CROWNE PLAZA Northern Marianas Open 2023,Badminton World Federation,Saipan,Northern Mariana Islands,International Challenge,6/6/2023,6/11/2023,/sport/tournament?id=6F65618E-3246-4D08-B930-28C57AF68B5A
KFF Singapore Open 2023,Badminton World Federation,Singapore,Singapore,HSBC BWF World Tour Super 750,6/6/2023,6/11/2023,/sport/tournament?id=10DDD177-0DDD-4B02-B310-5913F127F97F
XIII Santo Domingo Open 2023,Badminton World Federation,Santo Domingo,Dominican Republic,International Series,6/7/2023,6/11/2023,/sport/tournament?id=ED28B16F-4971-405A-80AE-A0768BF542DB
BABOLAT German U17 Open 2023,BWF - German Badminton Association,Bergisch Gladbach,Germany,,6/8/2023,6/11/2023,/sport/tournament?id=63BF929C-D1C5-4BCC-BFCE-D02C74CC7EEC
RSL Lithuanian International 2023,Badminton Europe,Panevėžys,Lithuania,Future Series,6/8/2023,6/11/2023,/sport/tournament?id=02707AB6-773E-4BC0-BBF2-C788F33C531C
VICTOR Denmark Masters 2023,Badminton World Federation,Hillerød,Denmark,International Challenge,6/8/2023,6/11/2023,/sport/tournament?id=4D0AD9EF-BF50-4533-A327-BB7190CE5773
ANOC WBG Europe Qualification 2023,Badminton World Federation,Werkendam,Netherlands,,6/9/2023,6/11/2023,/sport/tournament?id=2EFFA7C4-956B-4D67-A7CD-C5DE9DADFA54
Bulgarian U17 International 2023,BWF - Bulgarian Badminton Federation,Svilengrad,Bulgaria,,6/9/2023,6/11/2023,/sport/tournament?id=5D92E59A-D516-459F-861D-9889A49B2746
IBERDROLA Spanish Junior International 2023,BWF - Federación Española de Bádminton,El Campello,Spain,Junior International Series,6/9/2023,6/11/2023,/sport/tournament?id=437DCA06-8F7F-405E-ADBC-0DCE7D45A259
Bulgarian Junior U19 International 2023,BWF - Bulgarian Badminton Federation,Svilengrad,Bulgaria,Junior International Series,6/12/2023,6/15/2023,/sport/tournament?id=04269774-3951-4A66-B841-E051B54B6DEF
Bulgarian Junior U19 International 2023,Badminton Europe,Svilengrad,Bulgaria,Junior International Series,6/12/2023,6/15/2023,/sport/tournament?id=04269774-3951-4A66-B841-E051B54B6DEF
KAPAL API GROUP Indonesia Open 2023,Badminton World Federation,Jakarta,Indonesia,HSBC BWF World Tour Super 1000,6/13/2023,6/18/2023,/sport/tournament?id=1A870AD1-262D-4D3A-BAF4-0C425D12A25B
TAKECARE Saipan International 2023,Northern Marianas Badminton Association,Saipan,Northern Mariana Islands,International Challenge,6/13/2023,6/18/2023,/sport/tournament?id=C7F951E6-7AE1-441B-9A0A-16FDF8D920BC
IX Guatemala Junior International 2023,BWF - Federacion Nacional de Badminton de Guatemal,Guatemala,Guatemala,Junior Future Series,6/14/2023,6/18/2023,/sport/tournament?id=36A0E715-1C15-410F-B20D-10FE6EF9150A
Perú Future Series 2023,BWF - Federacion Peruana de Badminton,Lima,Peru,Future Series,6/14/2023,6/18/2023,/sport/tournament?id=0E779830-4B9B-42EF-A7AA-FF9BE220A3A2
Nantes International Challenge 2023,BWF - Federation Francaise de Badminton,REZE,France,International Challenge,6/15/2023,6/18/2023,/sport/tournament?id=9DCE58DB-3B38-4A9A-9E54-85BD962000B1
2023 European Club Championships,Badminton Europe,Oviedo,Spain,,6/19/2023,6/23/2023,/sport/tournament?id=288BB37A-5C52-45DA-B647-F73972FE258C
Hangzhou China International Challenge 2023,BWF - Chinese Badminton Association,Hangzhou,China,International Challenge,6/20/2023,6/25/2023,/sport/tournament?id=151BA4B6-4101-4F86-8540-CDF3545FD9F1
Mongolia Junior International Series 2023,BWF - Mongolian Badminton Association,Ulaanbaatar,Mongolia,Junior International Series,6/20/2023,6/25/2023,/sport/tournament?id=00EB74E5-4382-4014-A2E0-155550F3DE87
V Guatemala Future Series 2023,BWF - Federacion Nacional de Badminton de Guatemal,Guatemala,Guatemala,Future Series,6/20/2023,6/25/2023,/sport/tournament?id=A8957AC6-D7EB-4EAC-99A0-1171537DBF45
YONEX Taipei Open 2023,Badminton World Federation,Taipei,Chinese Taipei,HSBC BWF World Tour Super 300,6/20/2023,6/25/2023,/sport/tournament?id=CBD852BD-5983-423E-AD8F-1E0A4D513175
ANOC WBG Asian Qualification 2023,Badminton World Federation,Putrajaya,Malaysia,,6/23/2023,6/25/2023,/sport/tournament?id=37EFF7FD-B9F1-4EB5-83A9-480DDBF9C204
Serbian U17 International - NOVI SAD 2023,BWF - Badminton Association of Serbia,Novi Sad,Serbia,,6/23/2023,6/25/2023,/sport/tournament?id=F6F9C061-4D2A-41D9-A526-1CE68FD907E5
HEBAR U17 Bulgaria Open 2023,BWF - Bulgarian Badminton Federation,Pazardzhik,Bulgaria,,6/26/2023,6/29/2023,/sport/tournament?id=E212E910-D4E2-408B-A623-A7250FE4E6F0
2023 European Games,Badminton Europe,Tarnów,Poland,Continental Individual Championships,6/26/2023,7/2/2023,/sport/tournament?id=687757A3-AD4E-4BEA-9311-15D5648CF401
HEBAR U17 Bulgaria Open 2023,Badminton Europe,Pazardzhik,Bulgaria,,6/26/2023,6/29/2023,/sport/tournament?id=E212E910-D4E2-408B-A623-A7250FE4E6F0
2023 European Games,Badminton World Federation,Tarnów,Poland,Continental Individual Championships,6/26/2023,7/2/2023,/sport/tournament?id=687757A3-AD4E-4BEA-9311-15D5648CF401
ANOC WBG African Qualification 2023,Badminton World Federation,Hammamet,Tunisia,,6/27/2023,6/30/2023,/sport/tournament?id=A9A67483-C9D5-4AB5-86B9-94BCC95A52FD
Mongolia International Challenge 2023,Badminton World Federation,Ulaanbaatar,Mongolia,International Challenge,6/27/2023,7/2/2023,/sport/tournament?id=29199721-1D59-4F52-BB0D-0EA16F333F8D
YONEX Canada Open 2023,Badminton World Federation,Calgary,Canada,HSBC BWF World Tour Super 500,7/4/2023,7/9/2023,/sport/tournament?id=9853068E-A5D5-4F22-B902-E7135553B0BC
VICTOR Future Series Nouvelle-Aquitaine 2023,BWF - Federation Francaise de Badminton,Pessac,France,Future Series,7/6/2023,7/9/2023,/sport/tournament?id=18822D13-34C7-4482-B1D3-4A313A1F5154
RSL Lithuanian U17 International 2023,BWF - Lithuanian Badminton Federation,Prienai,Lithuania,,7/7/2023,7/9/2023,/sport/tournament?id=61FDD641-FF6C-4C1A-B5B0-FC3413C2C254
BNI Badminton Asia Junior Championships 2023 (Team),Badminton Asia Confederation,Yogjakarta,Indonesia,Continental Junior Team Championships,7/7/2023,7/11/2023,/sport/tournament?id=2770A68E-35E1-485D-98CF-1B026E00C071
YONEX US Open 2023,Badminton World Federation,Council Bluffs,U.S.A.,HSBC BWF World Tour Super 300,7/11/2023,7/16/2023,/sport/tournament?id=B14BC45C-586E-4DA4-AC3C-BE7526CBF886
BNI Badminton Asia Junior Championships 2023 (Individual),Badminton World Federation,Yogjakarta,Indonesia,Continental Junior Individual Championships,7/12/2023,7/16/2023,/sport/tournament?id=6B728ECE-D5BA-4F13-AC73-4418D4F773D6
XXXI YONEX Pan Am Junior Championships 2023 Team Event,Pan American Badminton Confederation,Lima,Peru,Continental Junior Team Championships,7/13/2023,7/15/2023,/sport/tournament?id=F291CA9C-DE9D-4AEE-BBC9-80DCD9705C8B
XXXI YONEX Pan Am Junior Championships 2023 (U13 - U19),Badminton Pan Am,Lima,Peru,,7/17/2023,7/21/2023,/sport/tournament?id=E605FF17-E17A-4278-A4CA-BE26A1230470
XXXI YONEX Pan Am Junior Championships 2023 U19,Badminton Pan Am,Lima,Peru,Continental Junior Individual Championships,7/17/2023,7/21/2023,/sport/tournament?id=BB186D47-6409-4863-9858-9A42C8FCC040
Korea Open 2023,Badminton World Federation,Yeosu,Korea,HSBC BWF World Tour Super 500,7/18/2023,7/23/2023,/sport/tournament?id=3BAC1D8B-1C03-452C-A237-00D0A5C8A629
YONEX SUNRISE Pembangunan Jaya Raya Junior International Grand Prix 2023,BWF - Badminton Asia Confederation,Tangerang Selatan,Indonesia,Junior International Grand Prix,7/18/2023,7/23/2023,/sport/tournament?id=0C3C37DC-FD63-4655-A798-E143456E6FA1
Mauritius International 2023,Badminton Confederation of Africa,Rose Hill,Mauritius,International Series,7/20/2023,7/23/2023,/sport/tournament?id=BFC1C15F-7C09-42C4-B7D8-4332A9BF0F6C
DAIHATSU Japan Open 2023,Badminton World Federation,Tokyo,Japan,HSBC BWF World Tour Super 750,7/25/2023,7/30/2023,/sport/tournament?id=409CECE5-25E3-40D4-AF25-746D5D7689F3
ST DENIS Reunion Open 2023,Badminton World Federation,Saint Denis,Réunion,International Challenge,7/26/2023,7/30/2023,/sport/tournament?id=9EAED852-D1F4-44D3-85AF-FE82F0936702
All England Junior Badminton Championships 2023,BWF - Badminton England,Birmingham,England,Junior International Series,7/27/2023,7/30/2023,/sport/tournament?id=712F8766-916B-45B6-914B-6D33A7CA7C94
Chengdu 2021 FISU World University Games,Badminton World Federation,Chengdu,China,Multi-Sport Games,7/28/2023,8/8/2023,/sport/tournament?id=500CEB85-35E4-4176-AF5D-945336D30059
Badminton Asia Central Asia Regional Junior Championships 2023 (Mixed Team),Badminton Asia Confederation,Dushanbe,Tajikistan,Continental Team Games,7/31/2023,8/2/2023,/sport/tournament?id=046DA9A8-068B-4CF2-9948-318ADA8C1B62
Chengdu 2021 FISU World University Games (Team),Badminton World Federation,Chengdu,China,Grade 1 – Team Tournaments,7/30/2023,8/2/2023,/sport/tournament?id=B0AA8448-FEF1-43D7-9B52-EFA216EB8801
SATHIO GROUP Australian Open 2023,Badminton World Federation,Sydney,Australia,HSBC BWF World Tour Super 500,8/1/2023,8/6/2023,/sport/tournament?id=EBD7191D-6280-4056-979A-83EAE1328B35
Badminton Asia Central Asia Regional Junior Championships 2023 (Individual Event),BWF - Badminton Tajikistan,Dushanbe,Tajikistan,,8/2/2023,8/4/2023,/sport/tournament?id=A878EE0F-A51D-4CED-B994-0B5B57791338
Argentina Future Series 2023 (Cancelled),Badminton Pan Am,Ciudad Buenos Aires,Argentina,Future Series,8/2/2023,8/6/2023,/sport/tournament?id=F5916DB7-424D-4D1B-81C9-D7EA8638CE14
Bulgarian Junior Open Championship 2023,BWF - Bulgarian Badminton Federation,Pazardzhik,Bulgaria,Junior International Challenge,8/3/2023,8/6/2023,/sport/tournament?id=8EADC47E-3B09-4C6A-872A-0A6F4FB9ECB7
Chengdu 2021 FISU World University Games,Badminton World Federation,Chengdu,China,Grade 1 – Individual Tournaments,8/4/2023,8/7/2023,/sport/tournament?id=500CEB85-35E4-4176-AF5D-945336D30059
2023 European U17 Team Championships,Badminton Europe,Vilnius,Lithuania,Continental Junior Team Championships,8/4/2023,8/8/2023,/sport/tournament?id=A2D11BF1-551F-4D79-B0D7-6FCD572F9D92
Tajikistan International Series 2023,BWF - Republic of Kazahkstan,Dushanbe,Tajikistan,International Series,8/7/2023,8/11/2023,/sport/tournament?id=90291636-9ECC-41B4-A3E2-5A835EF8965C
Chengdu 2021 FISU World University Games (Individual),Badminton World Federation,Chengdu,China,Grade 1 – Team Tournaments,8/4/2023,8/7/2023,/sport/tournament?id=B0AA8448-FEF1-43D7-9B52-EFA216EB8801
Chengdu 2021 FISU World University Games (INDIVIDUAL)),Badminton World Federation,Chengdu,China,Grade 1 – Team Tournaments,8/4/2023,8/7/2023,/sport/tournament?id=DDFBD951-B897-4841-B6C0-ECEE933C66F8
Tajikistan International Series 2023,BWF - Badminton Asia Confederation,Dushanbe,Tajikistan,International Series,8/7/2023,8/11/2023,/sport/tournament?id=90291636-9ECC-41B4-A3E2-5A835EF8965C
2023 European U17 Championships,Badminton Europe,Vilnius,Lithuania,Continental Junior Individual Championships,8/8/2023,8/12/2023,/sport/tournament?id=26C05297-A2B1-43D4-AAA0-5E90376562F0
New Zealand Open 2023 (Cancelled),Badminton World Federation,Auckland,New Zealand,HSBC BWF World Tour Super 300,8/8/2023,8/13/2023,/sport/tournament?id=7A06E7C5-EF36-428C-AC12-6CBB13AE4527
Brazil International Series 2023,Badminton Pan Am,Foz do Iguaçu Paraná,Brazil,International Series,8/9/2023,8/13/2023,/sport/tournament?id=8CADE1D3-4817-4900-8178-677090DDAB04
Paraguay International Series 2023 (Cancelled),Badminton Pan Am,Ciudad del Este,Paraguay,International Series,8/15/2023,8/19/2023,/sport/tournament?id=1CD68338-14D4-4F7C-A4EF-8C95DEA360B6
Maldives International Series 2023,BWF - Badminton Association of Maldives,Male’,Maldives,International Series,8/15/2023,8/20/2023,/sport/tournament?id=847B4F12-E19A-475A-B4E4-47FF47047D6B
Badminton Asia ( South Asia) Regional Championships 2023 (Mixed Team Event),Badminton Asia Confederation,Kathmandu,Nepal,Continental Team Games,8/18/2023,8/20/2023,/sport/tournament?id=C11404AA-9C4A-4EE0-9056-E75BA9C3739A
French U17 International 2023,BWF - Federation Francaise de Badminton,Talence,France,,8/18/2023,8/20/2023,/sport/tournament?id=210C9E2D-49D0-468F-B869-92C1D6604558
Badminton Asia ( South Asia) Regional Championships 2023 (Individual Event),BWF - Badminton Asia Confederation,Kathmandu,Nepal,,8/20/2023,8/22/2023,/sport/tournament?id=9B2BB803-85E3-474E-AEB3-D6BA0D54527C
TotalEnergies BWF World Championships 2023,Badminton World Federation,Copenhagen,Denmark,Grade 1 – Individual Tournaments,8/21/2023,8/27/2023,/sport/tournament?id=F4169AF2-1EE8-4976-96CE-8D24E664BCFD
KOTAK India Junior International Series 2023,BWF - Badminton Association of India,Hyderabad,India,Junior International Series,8/22/2023,8/27/2023,/sport/tournament?id=79910328-B114-4CF5-89B6-FE45E9AE36D8
Trinidad & Tobago International 2023,BWF - Trinidad & Tobago Badminton Association,Tacarigua,Trinidad and Tobago,International Series,8/22/2023,8/27/2023,/sport/tournament?id=EC45CAFB-64B4-42D0-A57A-4C9717A38654
Cameroon International 2023,BWF - Badminton Association of Cameroon,Yaoundé,Cameroon,International Series,8/24/2023,8/27/2023,/sport/tournament?id=1D52DCBD-846A-4B06-99EF-2575FDF00EFB
Danish Junior Cup 2023,BWF - Badminton Denmark,Gentofte,Denmark,Junior International Series,8/24/2023,8/27/2023,/sport/tournament?id=C3A15DF9-E508-4B42-A814-3038A3EA5E0C
Danish Junior Cup U17 2023,BWF - Badminton Denmark,Hvidovre,Denmark,,8/24/2023,8/27/2023,/sport/tournament?id=CE6B1F8F-7A40-413E-B397-651AEE3C585E
III Mexico Future Series 2023,BWF - Federacion Mexicana de Badminton,Guadalajara,Mexico,Future Series,8/29/2023,9/3/2023,/sport/tournament?id=ED5A70A3-E72A-4F60-BA85-F6CC64961573
XPORA Indonesia International Challenge 2023,BWF - Persatuan Bulutangkis Seluruh Indonesia,Medan,Indonesia,International Challenge,8/29/2023,9/3/2023,/sport/tournament?id=C0F13C08-204E-4BE8-94DD-B0C6152E2FC4
YONEX SUNRISE India Junior International Grand Prix 2023,BWF - Badminton Association of India,Pune,India,Junior International Grand Prix,8/29/2023,9/3/2023,/sport/tournament?id=5F4E6B9A-6563-4AC9-BA0D-9E9928B17569
Lagos International Classics 2023,Badminton Confederation of Africa,Surulere,Nigeria,International Challenge,8/30/2023,9/2/2023,/sport/tournament?id=8B0E503B-C1CA-4424-840E-A1AD9358E6AD
VICTOR Latvia International 2023,BWF - Latvian Badminton Federation,Riga,Latvia,Future Series,8/30/2023,9/3/2023,/sport/tournament?id=100C1A03-7213-415F-8C89-01D73E4BDB2D
29. TEM Mirna U17 International 2023,BWF - Slovenia Badminton Federation,Mirna,Slovenia,,9/1/2023,9/3/2023,/sport/tournament?id=8D499D36-0D11-4B0A-AE28-413368572C50
FZ FORZA U19 Irish Open 2023,Badminton Union of Ireland,Dublin,Ireland,Junior International Series,9/1/2023,9/3/2023,/sport/tournament?id=684B479A-20E5-467B-8C47-9D1379F6940C
BNI Indonesia Masters I 2023,Badminton World Federation,Medan,Indonesia,BWF Tour Super 100,9/5/2023,9/10/2023,/sport/tournament?id=8F26B352-FF2A-4815-9B29-F4770D4518AD
Guatemala International Challenge 2023,BWF - Federacion Nacional de Badminton de Guatemal,Guatemala,Guatemala,International Challenge,9/5/2023,9/10/2023,/sport/tournament?id=B9FAEA94-1202-462D-BC9D-86FD30BCC4FD
Malaysia Junior International Challenge 2023,BWF - Badminton Association of Malaysia,Perlis,Malaysia,Junior International Challenge,9/5/2023,9/10/2023,/sport/tournament?id=499DE1FF-9A02-41BB-BF58-9247F7676A01
VICTOR China Open 2023,Badminton World Federation,Changzhou,China,HSBC BWF World Tour Super 1000,9/5/2023,9/10/2023,/sport/tournament?id=05883743-A911-4C4D-9901-5BBEEF2A6E34
ENEA Polish U19 Open 2023 presented by VICTOR,Badminton Europe,Gniezno,Poland,Junior International Challenge,9/7/2023,9/9/2023,/sport/tournament?id=5B40D2F6-9D1D-4FA7-9AA8-5AABA552449C
Bénin International 2023,BWF - Federation Beninoise de Badminton,Ouidah,Benin,Future Series,9/7/2023,9/10/2023,/sport/tournament?id=626141F7-3F3D-4447-A0C4-EB39409FB163
YONEX Slovenia Future Series 2023,Badminton Europe,Otočec,Slovenia,Future Series,9/7/2023,9/10/2023,/sport/tournament?id=9014E32B-D779-4090-943A-38A887D02FB7
Bénin Junior International 2023,Badminton Confederation of Africa,Ouidah,Benin,Junior Future Series,9/11/2023,9/13/2023,/sport/tournament?id=07AF2125-E88F-4E2A-9EC4-F37B9A245F6F
BWF World Senior Championships 2023,Badminton World Federation,Jeonju,Korea,Grade 1 – Individual Tournaments,9/11/2023,9/17/2023,/sport/tournament?id=8B82FCD4-48CF-4010-BCDD-DE2600AEF2E7
Bénin Junior International 2023,BWF - Federation Beninoise de Badminton,Ouidah,Benin,Junior Future Series,9/11/2023,9/13/2023,/sport/tournament?id=07AF2125-E88F-4E2A-9EC4-F37B9A245F6F
BWF World Senior Championships 2023,Badminton World Federation,Jeonju,Korea,Grade 1 – Individual Senior Tournaments,9/11/2023,9/17/2023,/sport/tournament?id=8B82FCD4-48CF-4010-BCDD-DE2600AEF2E7
VICTOR Hong Kong Open 2023,Badminton World Federation,Kowloon,Hong Kong China,HSBC BWF World Tour Super 500,9/12/2023,9/17/2023,/sport/tournament?id=6F0CEBA9-84D2-44D9-85B8-007EED86A95F
YONEX-SUNRISE Vietnam Open 2023,Badminton World Federation,Ho Chi Minh City,Vietnam,BWF Tour Super 100,9/12/2023,9/17/2023,/sport/tournament?id=97172C3A-4435-4816-AEDE-0F1787B1589B
YONEX Belgian International 2023,BWF - Belgian Badminton Federation,Leuven,Belgium,International Challenge,9/13/2023,9/16/2023,/sport/tournament?id=93427AB1-EA52-4B90-B2DA-614E53A5BAD8
YONEX Slovenia Junior International 2023,BWF - Slovenia Badminton Federation,Mirna,Slovenia,Junior International Series,9/15/2023,9/17/2023,/sport/tournament?id=C2211EAA-DAB2-4C1B-8424-12EBBCBBB109
Bahrain Junior International Series 2023,BWF - Bahrain Badminton Federation,Manama,Bahrain,Junior International Series,9/19/2023,9/24/2023,/sport/tournament?id=14691E39-F19F-4E73-ACD6-640958F3C767
TOYOTA Gazoo Racing Thailand International Series 2023,BWF - Badminton Association of Thailand,Nonthaburi,Thailand,,9/19/2023,9/24/2023,/sport/tournament?id=87725A19-E7FE-49E2-9F04-CA6A15AAB0FB
Perú Challenge 2023,Badminton Pan Am,Lima,Peru,International Challenge,9/20/2023,9/24/2023,/sport/tournament?id=32303625-F9EB-4367-B16E-42A1A3505999
ORLEN Polish International 2023 presented by VICTOR,BWF - Polish Badminton Association,Lublin,Poland,International Series,9/21/2023,9/24/2023,/sport/tournament?id=84B3E719-4EEF-4B83-8EEF-39BB619E6905
7th LI-NING Zagreb U17 Open 2023,BWF - Croatian Badminton Association,Zagreb,Croatia,,9/22/2023,9/24/2023,/sport/tournament?id=40E928B8-31FD-4DB3-8F70-A652FAADEC09
YONEX Belgian Junior 2023,BWF - Belgian Badminton Federation,Herstal,Belgium,,9/22/2023,9/24/2023,/sport/tournament?id=38A42AAA-3ACB-4690-935F-B272F18D631D
BWF World Junior Mixed Team Championships 2023,Badminton World Federation,Spokane,U.S.A.,,9/25/2023,9/30/2023,/sport/tournament?id=4267015B-8E68-47F2-A100-3291A884B584
VICTOR Kaohsiung Masters 2023,Badminton World Federation,Kaohsiung,Chinese Taipei,BWF Tour Super 100,9/26/2023,10/1/2023,/sport/tournament?id=46F5BDD6-8136-4529-B53B-301F948F56AB
ASIAN Games 2022 (Team Event) - Non World Ranking,Badminton Asia Confederation,Hangzhou,China,,9/28/2023,10/1/2023,/sport/tournament?id=C65B5D6F-43FB-46E9-963E-08D7D3BA08F5
Kampala International 2023,BWF - Uganda Badminton Association,Kampala,Uganda,Future Series,9/28/2023,10/1/2023,/sport/tournament?id=D63D1DC3-AA3E-4973-AFA3-1B00F94E0225
VICTOR Croatian International 2023,BWF - Croatian Badminton Association,Zagreb,Croatia,,9/28/2023,10/1/2023,/sport/tournament?id=C914C21D-DAAB-4DB5-9D09-39D38A1C8E1C
Slovak Youth U17 2023,BWF - Slovak Badminton Federation,Trencin,Slovakia,,9/29/2023,10/1/2023,/sport/tournament?id=54AF295C-C230-4AF7-A8FD-C5732BB547C5
ASIAN Games 2022 (Individual Event),BWF - Chinese Badminton Association,Hangzhou,China,,10/2/2023,10/7/2023,/sport/tournament?id=265002E7-4B82-4EFE-A00A-053789CAD74E
BWF World Junior Championships 2023,Badminton World Federation,Spokane,U.S.A.,,10/2/2023,10/8/2023,/sport/tournament?id=3CCBDE67-2F3E-4504-99C8-F667B59EA5C2
BWF World Junior Championships 2023,Badminton World Federation,Spokane,U.S.A.,Grade 1 – Individual Junior Tournaments,10/2/2023,10/8/2023,/sport/tournament?id=3CCBDE67-2F3E-4504-99C8-F667B59EA5C2
Malaysia International Series 2023,BWF - Badminton Association of Malaysia,Kota Kinabalu,Malaysia,International Series,10/3/2023,10/8/2023,/sport/tournament?id=8004E658-2114-4498-8749-A028933624CE
Venezuela International 2023,Badminton Pan Am,Maracay,Venezuela,International Series,10/4/2023,10/8/2023,/sport/tournament?id=51713BB6-1FD0-4808-B5D4-0DE3EE318E0C
Scottish Open 2023,BWF - Badminton Scotland,Glasgow,Scotland,International Challenge,10/5/2023,10/8/2023,/sport/tournament?id=4063FBAB-4206-4239-ADCD-F3C760E4CBBF
Uganda International Series 2023,BWF - Uganda Badminton Association,Kampala,Uganda,International Series,10/5/2023,10/8/2023,/sport/tournament?id=75E7FC86-29AB-4130-98A1-F1E202D58933
YONEX Bulgarian International Championship 2023,BWF - Bulgarian Badminton Federation,Sofia,Bulgaria,Future Series,10/5/2023,10/8/2023,/sport/tournament?id=4E287A3B-1A49-4256-A22A-F75F1E28AC3D
Austrian U17 International 2023,BWF - Österreichischer Badminton Verband,Mödling,Austria,,10/6/2023,10/8/2023,/sport/tournament?id=12F501E3-0619-4F84-B65C-FF795FB20637
Croatia VALAMAR Junior Open 2023,BWF - Croatian Badminton Association,Dubrovnik,Croatia,Junior International Challenge,10/7/2023,10/8/2023,/sport/tournament?id=F0A7CEC4-3C8E-4F04-AC45-3309F918841B
CLASH OF CLANS Arctic Open 2023 powered by YONEX,Badminton World Federation,Vantaa,Finland,HSBC BWF World Tour Super 500,10/10/2023,10/15/2023,/sport/tournament?id=91CF9351-372A-4336-9E69-0366D53C7F63
Perú International Series 2023,BWF - Federacion Peruana de Badminton,Lima,Peru,,10/11/2023,10/15/2023,/sport/tournament?id=110C9598-6443-4AD6-B05A-39B982764E59
YONEX Bendigo International 2023,BWF - Badminton Australia,Bendigo West,Australia,International Challenge,10/11/2023,10/15/2023,/sport/tournament?id=E876CCBD-4E4F-43E5-A685-65326977D5AC
YONEX Dutch Open 2023,BWF - Badminton Nederland,'s-Hertogenbosch,Netherlands,International Challenge,10/11/2023,10/15/2023,/sport/tournament?id=EFA41D56-9404-4FA3-8967-59A0E3C2C4E6
YONEX German Ruhr U17 International 2023,BWF - German Badminton Association,Mülheim an der Ruhr,Germany,,10/11/2023,10/15/2023,/sport/tournament?id=6DB850B1-85FC-48E4-9DB5-6A80B28184B1
YONEX German Ruhr U19 International 2023,BWF - German Badminton Association,Mülheim an der Ruhr,Germany,Junior International Series,10/11/2023,10/15/2023,/sport/tournament?id=FA771617-1773-4B64-B9D0-206909B49560
Badminton Asia ( West Asia) Regional Championships 2023 (Mixed Team Event),Badminton Asia Confederation,Ankawa Erbil ,Iraq,Continental Team Games,10/12/2023,10/14/2023,/sport/tournament?id=E4B10926-BA80-4B26-809B-5395F4CCE0D7
Egypt International 2023,Badminton Confederation of Africa,Cairo,Egypt,International Series,10/12/2023,10/15/2023,/sport/tournament?id=4C43EC05-3EFF-4364-A271-ED0F9C85D645
Badminton Asia (West Asia) Regional Championships 2023 (Individual Event),BWF - Badminton Federation of the I R of Iran,Ankawa Erbil,Iraq,,10/14/2023,10/17/2023,/sport/tournament?id=825AC304-7BBE-478F-80DF-5650706D6A49
4th Iran Junior International Series 2023 (Cancelled),BWF - Badminton Asia Confederation,TBC,Iran,Junior International Series,10/16/2023,10/19/2023,/sport/tournament?id=C774843B-0CC6-4D53-9C82-14B8F818867B
Abu Dhabi Masters 2023,Badminton World Federation,Abu Dhabi,United Arab Emirates,BWF Tour Super 100,10/17/2023,10/22/2023,/sport/tournament?id=589BDBAB-81BB-4A46-9247-38052BA0574B
Badminton Asia U17 & U15 Junior Championships 2023,BWF - Badminton Asia Confederation,Chengdu,China,Continental Junior Individual Championships,10/17/2023,10/22/2023,/sport/tournament?id=76F0EE70-0F4E-4DB7-BF0F-5C424A5ED7B1
Sydney International 2023,BWF - Badminton Australia,Sydney,Australia,International Series,10/17/2023,10/22/2023,/sport/tournament?id=1416D13F-0BFC-4473-A890-A1AC6CA4DD23
VICTOR Denmark Open 2023,Badminton World Federation,Odense,Denmark,HSBC BWF World Tour Super 750,10/17/2023,10/22/2023,/sport/tournament?id=807D32BF-F1D2-4277-8A5F-C2064EE59D33
XPORA Indonesia International Challenge 2023 (Surabaya),BWF - Persatuan Bulutangkis Seluruh Indonesia,Surabaya,Indonesia,,10/17/2023,10/22/2023,/sport/tournament?id=C297BF0B-70CB-423C-A5E8-69881A9F1BD9
VICTOR Denmark Junior (U17) 2023,BWF - Badminton Denmark,Langeskov,Denmark,,10/19/2023,10/21/2023,/sport/tournament?id=D3BE6425-4498-4BEB-B02E-FFAE3F68DAE0
VICTOR Denmark Junior 2023,BWF - Badminton Denmark,Odense C,Denmark,Junior International Series,10/19/2023,10/21/2023,/sport/tournament?id=2C1A1B40-20FA-4364-9810-0997F4FF3DD8
VI Santo Domingo Junior International 2023 (Cancelled),Badminton Pan Am,San Pedro de Macoris,Dominican Republic,Junior Future Series,10/19/2023,10/22/2023,/sport/tournament?id=3EE256C7-1006-402B-AF3D-46A0C64D3190
Algeria International 2023,Badminton Confederation of Africa,El biar,Algeria,International Series,10/19/2023,10/22/2023,/sport/tournament?id=AD1B689B-11CA-4C93-8655-2F2BBEC9AE8A
YONEX Czech Open 2023,BWF - Czech Badminton Federation,Prague,Czech Republic,International Series,10/19/2023,10/22/2023,/sport/tournament?id=B2CA5673-8CCD-40DD-AD11-CCBFB12BC6A4
XIX Panamerican Games Santiago 2023,Badminton Pan Am,Santiago de Chile,Chile,Continental Individual Games,10/21/2023,10/25/2023,/sport/tournament?id=332A535E-B82D-4C0B-8CC9-F25637882349
IV Dominican Open 2023 (Cancelled),Badminton Pan Am,San Pedro de Macoris,Dominican Republic,Future Series,10/24/2023,10/27/2023,/sport/tournament?id=3D7A5FB9-E386-4D91-A198-49FB4D46A3FC
BNI Indonesia Masters II 2023,Badminton World Federation,Surabaya,Indonesia,BWF Tour Super 100,10/24/2023,10/29/2023,/sport/tournament?id=00835AC8-D734-4F12-A215-0261507E6447
INFOSYS FOUNDATION India International Challenge 2023,BWF - Badminton Association of India,Bengaluru,India,International Challenge,10/24/2023,10/29/2023,/sport/tournament?id=C7C043C4-A2AA-497E-8950-F491092A9197
YONEX French Open 2023,Badminton World Federation,Rennes,France,HSBC BWF World Tour Super 750,10/24/2023,10/29/2023,/sport/tournament?id=872B6C77-9964-486A-997A-1E0C78D4D54C
North Harbour International 2023 (Cancelled),Badminton Oceania,Auckland,New Zealand,International Challenge,10/25/2023,10/29/2023,/sport/tournament?id=22097E65-ABF3-4BA2-9A62-1A3E71BFB435
YONEX Israel Open 2023 (Cancelled),Badminton Europe,Kibbutz Hatzor,Israel,Future Series,10/26/2023,10/28/2023,/sport/tournament?id=8A4881B3-F76B-4E7E-A52E-4E3ACBFF03EF
Badminton Asia ( Southeast Asia) Regional Championships 2023 (Team Event),Badminton Asia Confederation,Phnom Penh,Cambodia,,10/30/2023,11/1/2023,/sport/tournament?id=A89A48D3-71CE-4DEB-A76A-F0EF503937CF
VII Mexican International U19 2023 (Cancelled),Badminton Pan Am,Mexico,Mexico,Junior Future Series,10/31/2023,11/5/2023,/sport/tournament?id=B607B2C4-F54C-445B-A654-16FD1D4DD3B4
BERGAMOT KL Masters Malaysia Super 100 2023,Badminton World Federation,Kuala Lumpur,Malaysia,BWF Tour Super 100,10/31/2023,11/5/2023,/sport/tournament?id=54E9ADB9-8717-4AE3-B8D6-9A856F925D54
CHHATTISGARH India International Challenge 2023,BWF - Badminton Association of India,Raipur,India,,10/31/2023,11/5/2023,/sport/tournament?id=8F3BB6F5-FD52-4859-8CD3-43C9E66D03E0
HYLO Open 2023,Badminton World Federation,Saarbrucken,Germany,HSBC BWF World Tour Super 300,10/31/2023,11/5/2023,/sport/tournament?id=495403C2-04D0-462D-B44B-946FFE586259
Badminton Asia ( Southeast Asia) Regional Championships 2023 (Individual Event),BWF - Badminton Asia Confederation,Phnom Penh,Cambodia,,11/1/2023,11/3/2023,/sport/tournament?id=3306A8F2-5823-4223-A534-5D1FD05DE4BA
48th VICTOR FZ FORZA Hungarian International Championships 2023,BWF - Hungarian Badminton Association,Budapest,Hungary,International Series,11/1/2023,11/4/2023,/sport/tournament?id=06C1252C-1518-4D23-9236-624B9C94974D
RSL Lithuanian Junior 2023,BWF - Lithuanian Badminton Federation,Vilnius,Lithuania,Junior International Series,11/3/2023,11/5/2023,/sport/tournament?id=8739D9E8-1ADA-4833-86DA-5667F9AE79BA
FELET Vietnam International Series 2023,BWF - Vietnam Badminton Federation,Ninh Binh,Vietnam,International Series,11/7/2023,11/12/2023,/sport/tournament?id=E375EB76-E393-42BE-B3BF-E9709FB91780
Korea Masters 2023,Badminton World Federation,Gwangju,Korea,HSBC BWF World Tour Super 300,11/7/2023,11/12/2023,/sport/tournament?id=D5F3A8C9-715E-475F-999D-3DA0402524BC
YONEX-SINGHA-bty Junior International Series 2023,BWF - Badminton Association of Thailand,Bangkok,Thailand,Junior International Series,11/7/2023,11/12/2023,/sport/tournament?id=FB96BE14-1608-4C50-9344-643EA76EAC71
Guatemala International Series 2023,BWF - Federacion Nacional de Badminton de Guatemal,Guatemala,Guatemala,International Series,11/8/2023,11/12/2023,/sport/tournament?id=F0A6006D-6F2B-4EE6-B813-776526DD1113
FZ FORZA Norwegian International 2023,BWF - Norwegian Badminton Association,Sandefjord,Norway,International Series,11/9/2023,11/12/2023,/sport/tournament?id=94AEF1F7-778E-4164-9529-05BC6C0755EA
YONEX Polish International U19 2023,BWF - Polish Badminton Association,Bialystok,Poland,Junior International Series,11/10/2023,11/12/2023,/sport/tournament?id=353E1223-A921-4AAA-9048-14B4D4F34C7A
IBERDROLA Spanish International 2023,BWF - Federación Española de Bádminton,Blanca Dona,Spain,,11/13/2023,11/16/2023,/sport/tournament?id=859E9BB6-F2BB-46CD-A47C-FE51B6BA7FB2
Bahrain International Series 2023,BWF - Bahrain Badminton Federation,Manama,Bahrain,International Series,11/14/2023,11/19/2023,/sport/tournament?id=9BB4AD03-EC30-45DA-B03E-BEA07B463D01
Kumamoto Masters Japan 2023,Badminton World Federation,Kumamoto,Japan,HSBC BWF World Tour Super 500,11/14/2023,11/19/2023,/sport/tournament?id=A1D5007B-9E91-46BC-B9C7-5C72487AC285
PETRONAS Malaysia International Challenge 2023,BWF - Badminton Association of Malaysia,Ipoh,Malaysia,International Challenge,11/14/2023,11/19/2023,/sport/tournament?id=6A8D91E9-70EA-4103-9594-CCD6C7E66AEA
AIG FZ FORZA Irish Open 2023,Badminton Union of Ireland,Dublin,Ireland,International Challenge,11/15/2023,11/18/2023,/sport/tournament?id=0225F8AC-BDB7-4956-8031-B6CD9F1F37FB
XIV Suriname International Badminton Tournament 2023,BWF - Surinaamse Badminton Bond,Paramaribo,Suriname,International Series,11/15/2023,11/19/2023,/sport/tournament?id=7E8F7E34-EBCD-4767-A689-4312B98841CC
Zambia International 2023,BWF - Botswana Badminton Association,Lusaka,Zambia,International Series,11/16/2023,11/19/2023,/sport/tournament?id=A3B5FCFC-8B3E-49FC-B082-F1E97A03938F
Czech Junior International Orlová 2023,BWF - Czech Badminton Federation,Orlova,Czech Republic,Junior International Series,11/17/2023,11/19/2023,/sport/tournament?id=A6E3198A-427B-4CDD-B145-0D8846E8BBB3
Spanish International U17 2023,BWF - Federación Española de Bádminton,Blanca Dona,Spain,,11/17/2023,11/19/2023,/sport/tournament?id=1AC7551B-427E-4C95-A3F6-683BBA99F5CD
Swedish Youth Games 2023,BWF - Swedish Badminton Association,Malmö,Sweden,,11/17/2023,11/19/2023,/sport/tournament?id=0AD800B8-3EFD-4496-87A5-D11EEE5527C4
Bahrain International Challenge 2023,BWF - Bahrain Badminton Federation,Manama,Bahrain,International Challenge,11/21/2023,11/26/2023,/sport/tournament?id=77FE36AF-BC80-4F21-A016-A5C7E3F1A934
LI-NING China Masters 2023,Badminton World Federation,Shenzhen,China,HSBC BWF World Tour Super 750,11/21/2023,11/26/2023,/sport/tournament?id=881CF019-F35B-4DE1-AC27-ED5622688895
XIV Mexican International 2023,BWF - Federacion Mexicana de Badminton,Tijuana,Mexico,,11/21/2023,11/26/2023,/sport/tournament?id=1A9F580D-0616-4004-98B0-05A1A5486AAA
Slovenia International Series 2023 (Cancelled),Badminton Europe,Ljubljana,Slovenia,International Series,11/22/2023,11/26/2023,/sport/tournament?id=2C74EBA1-2F3B-417F-9011-8F46D8338250
Botswana International 2023,BWF - Botswana Badminton Association,Gaborone,Botswana,Future Series,11/23/2023,11/26/2023,/sport/tournament?id=539D3DB2-490D-4E2E-8E47-E799D2EB7954
III U17 Portugal Open 2023,BWF - Portugal Badminton Federation,Caldas da Rainha,Portugal,,11/24/2023,11/26/2023,/sport/tournament?id=E14413E1-731D-490C-8E00-BB742411179B
Slovak Junior 2023,BWF - Slovak Badminton Federation,Trencin,Slovakia,,11/24/2023,11/26/2023,/sport/tournament?id=A1D3F466-C8A2-4302-910D-458922D4A525
WONCHEON YONEX Korea Junior International Challenge 2023,BWF - Badminton Korea Association,Miryang,Korea,Junior International Challenge,11/27/2023,12/3/2023,/sport/tournament?id=60E566E8-8C3D-4633-BFA9-A62A729D259F
YONEX Welsh International Badminton Championships 2023,BWF - Badminton Wales,Cardiff,Wales,International Challenge,11/28/2023,12/2/2023,/sport/tournament?id=3D98365A-5A77-4427-8455-49A0BE2018F7
Syed Modi India International 2023,Badminton World Federation,Lucknow,India,HSBC BWF World Tour Super 300,11/28/2023,12/3/2023,/sport/tournament?id=D49F84F0-BB0A-4C34-BB76-FD6809B331FD
V El Salvador International 2023,BWF - Federacion Salvadorena de Badminton,San Salvador,El Salvador,International Challenge,11/28/2023,12/3/2023,/sport/tournament?id=F98D311A-D418-42AE-BF09-EE8716845DC4
South Africa International 2023,Badminton Confederation of Africa,Cape Town,South Africa,Future Series,11/30/2023,12/3/2023,/sport/tournament?id=A4EFAB56-80C3-4236-AE5F-786072D603AA
LI-NING Medvode Cup U17 2023,BWF - Slovenia Badminton Federation,Medvode,Slovenia,,12/1/2023,12/3/2023,/sport/tournament?id=76D1D7A7-D0C3-44DD-A4EA-3A4CE4971471
XV Portugal Junior International 2023,BWF - Portugal Badminton Federation,Caldas da Rainha,Portugal,Junior International Series,12/1/2023,12/3/2023,/sport/tournament?id=8CE1EA96-08FC-496F-BBB8-16DF82E438F7
South Africa Junior International 2023,BWF - Badminton South Africa,Cape Town,South Africa,Junior Future Series,12/4/2023,12/6/2023,/sport/tournament?id=D3C7BBFE-5D2B-43E8-BE10-46331D19B197
2023 YONEX Canadian International Challenge,BWF - Badminton Canada,Markham,Canada,International Challenge,12/5/2023,12/10/2023,/sport/tournament?id=856032E5-94E5-43B3-80C0-1F4E04393281
BAT YONEX Pathumthani Junior International Series 2023,BWF - Badminton Association of Thailand,Pathum Thani,Thailand,,12/5/2023,12/10/2023,/sport/tournament?id=18E3F9E4-73B2-4482-9C0B-0D8976F2C850
YONEX-SUNRISE Guwahati Masters 2023,Badminton World Federation,Assam,India,BWF Tour Super 100,12/5/2023,12/10/2023,/sport/tournament?id=B2309B69-9D99-416C-94F3-99A5C6D14723
2024 European Men's & Women's Team Championships Qualification - Spain,Badminton Europe,Madrid,Spain,,12/6/2023,12/8/2023,/sport/tournament?id=42221770-A56E-4DB4-AA45-25106EDE268B
YONEX SUNRISE Bangladesh International Challenge 2023 (Cancelled),BWF - Badminton Asia Confederation,Dhaka,Bangladesh,International Challenge,12/6/2023,12/10/2023,/sport/tournament?id=D5304CCC-2B16-4FEC-A314-22C936AC6951
APACS Kazakhstan International Series 2023,BWF - Republic of Kazahkstan,Shymkent,Kazakhstan,International Series,12/6/2023,12/10/2023,/sport/tournament?id=CB272C18-AFDA-4542-901F-3AE81F758E65
2024 European Men's & Women's Team Championships Qualification - Azerbaijan,Badminton Europe,Khirdalan,Azerbaijan,,12/7/2023,12/9/2023,/sport/tournament?id=6B456977-BB93-433A-9697-63E03568E45B
2024 European Men's & Women's Team Championships Qualification - Bulgaria,Badminton Europe,Sofia,Bulgaria,,12/7/2023,12/10/2023,/sport/tournament?id=8C885C34-CC76-4678-95C3-9F31B3246D3F
2024 European Men's & Women's Team Championships Qualification - Czech Republic,Badminton Europe,Prague,Czech Republic,,12/7/2023,12/10/2023,/sport/tournament?id=4AC88326-4020-4B57-935A-EFB6673B5328
2024 European Men's & Women's Team Championships Qualification - England,Badminton Europe,Milton Keynes,England,,12/7/2023,12/10/2023,/sport/tournament?id=799E1338-94B7-47A1-94DB-7AAAE5BB63FA
2024 European Men's & Women's Team Championships Qualification – France,Badminton Europe,Aire sur la Lys,France,,12/7/2023,12/10/2023,/sport/tournament?id=7F49F2F3-CCF5-4399-AB96-D025FD141722
2024 European Men's & Women's Team Championships Qualification - Netherlands,Badminton Europe,Arnhem,Netherlands,,12/7/2023,12/10/2023,/sport/tournament?id=B285D75F-E272-47E6-BECF-5D2341278A3F
2024 European Men's & Women's Team Championships Qualification - Germany,Badminton Europe,Bad Camberg,Germany,,12/8/2023,12/10/2023,/sport/tournament?id=5523CA98-8A66-4657-B787-4BC8A98BD79E
YONEX Estonian Junior 2023,BWF - Badminton Estonia,Tartu,Estonia,,12/8/2023,12/10/2023,/sport/tournament?id=3F6F757C-C03D-4430-9FD2-5D9D9723155D
YONEX Estonian U17 International 2023,BWF - Badminton Estonia,Tartu,Estonia,,12/8/2023,12/10/2023,/sport/tournament?id=D7142F06-A134-4E80-B8A5-00A54182318A
YONEX SUNRISE Bangladesh Junior International Series  2023 (Cancelled),BWF - Badminton Asia Confederation,Dhaka,Bangladesh,Junior International Series,12/11/2023,12/13/2023,/sport/tournament?id=C8D3AB9F-3F30-4B67-9298-46C9C761C945
